IGN,Petsnack
EvanDK,Yes
EvanAB,Yes
EvanBISHOP,Yes
EvanMM,Yes
EvanARAN,Yes
EvanSHADE,Yes
EvanHERO,Yes
EvanBM,Yes
EvanMIHILE,Yes
EvanWA,Yes
EvanPALLY,Yes
EvanPF,Yes
EvanKHALI,Yes
EvanMX,Yes
EvanPHANTOM,Yes
EvanSIA
EvanLUMI,Yes
EvanEVAN,Yes
EvanMERC,Yes
EvanLARA,
EvanHY
EvanZERO,
EvanDW,Yes
EvanBW
EvanNW,Yes
EvanTB,
EvanFP
EvanIL,Yes
EvanDB,Yes
EvanNL,Yes
EvanSHAD,Yes
EvanBUCC,Yes
EvanSAIR
EvanCM
EvanADELE,
EvanILLIUM
EvanARK
EvanKINE
EvanLYNN,Yes
EvanKAISER
EvanKAIN
EvanCADENA
EvanBLASTER
EvanDA,Yes
EvanDS,Yes
EvanBAM
EvanWH
EvanXENON,Yes
EvanMECH
EvanHAYATO
EvanKANNA
